variety,product,code,category
Aji Amarillo Seco,Aji Seco,0203,Vegetables
Aji Escabeche,Aji Fresco,0202,Vegetables
Aji Montaña,Aji Fresco,0202,Vegetables
Aji Panca,Aji Seco,0203,Vegetables
Aji Paprika,Aji Seco,0203,Vegetables
Aji Rocoto,Aji Fresco,0202,Vegetables
Ajo Criollo O Napuri,Ajo,0204,Vegetables
Ajo Morado,Ajo,0204,Vegetables
Alcachofa,Alcachofa,0206,Vegetables
Apio,Apio,0207,Vegetables
Arveja Verde Americana,Arveja Grano Verde,0301,Fresh legumes
Arveja Verde Blanca Serrana,Arveja Grano Verde,0301,Fresh legumes
Beterraga,Beterraga,0209,Vegetables
Brocoli,Hortalizas Chinas,0218,Vegetables
Camote Amarillo,Camote,0101,Tubers
Camote Morado,Camote,0101,Tubers
Cebolla Cabeza Blanca,Cebolla,0212,Vegetables
Cebolla Cabeza Roja,Cebolla,0212,Vegetables
Cebolla China,Cebolla,0212,Vegetables
Choclo ( Tipo Cusco),Choclo,0403,Cereals
Col China / Longapa,Hortalizas Chinas,0218,Vegetables
Culantro,Culantro,0215,Vegetables
Esparrago,Esparrago,0216,Vegetables
Espinaca,Espinaca,0217,Vegetables
Frejolito Chino,Hortalizas Chinas,0218,Vegetables
Frijol Canario,Frijol Grano Seco,0501,Dry legumes
Frijol Verde Canario,Frijol Grano Verde,0302,Fresh legumes
Haba Verde Serrana,Haba Grano Verde,0303,Fresh legumes
Holantau / Organica,Hortalizas Chinas,0218,Vegetables
Kion,Hortalizas Chinas,0218,Vegetables
Lechuga Americana,Lechuga,0220,Vegetables
Lechuga Criolla Seda,Lechuga,0220,Vegetables
Lechuga Romana Hidroponica,Lechuga,0220,Vegetables
Lechuga Serrana Seda,Lechuga,0220,Vegetables
Limon Sutil Bolsa,Limon,0611,Fruits
Limon Sutil Cajon,Limon,0611,Fruits
Maiz Marlo / Coronta De Maiz,Maiz Seco,0404,Cereals
Maiz Morado,Maiz Seco,0404,Cereals
Mango Edward,Mango,0615,Fruits
Manzana Cte / Para Agua,Manzana,0617,Fruits
Maracuya,Maracuya,0618,Fruits
Olluco Largo,Olluco,0102,Tubers
Olluco Redondo,Olluco,0102,Tubers
Pacchoy,Hortalizas Chinas,0218,Vegetables
Pallar Verde Serrucho,Pallar Grano Verde,0305,Fresh legumes
Papa Amarilla,Papa,0104,Tubers
Papa Blanca,Papa,0104,Tubers
Papa Canchan,Papa,0104,Tubers
Papa Color,Papa,0104,Tubers
Papa Huamantanga,Papa,0104,Tubers
Papa Huayro,Papa,0104,Tubers
Papa Negra Andina,Papa,0104,Tubers
Papa Perricholi,Papa,0104,Tubers
Papa Peruanita,Papa,0104,Tubers
Papa Unica,Papa,0104,Tubers
Papa Yungay,Papa,0104,Tubers
Pimiento Morron,Pimiento Fresco,0224,Vegetables
Tomate,Tomate,0228,Vegetables
Vainita Americana,Vainita,0229,Vegetables
Yuca Amarilla,Yuca,0105,Tubers
Zanahoria,Zanahoria,0230,Vegetables
Zapallo Italiano,Zapallo,0231,Vegetables
Zapallo Loche,Zapallo,0231,Vegetables
Zapallo Macre,Zapallo,0231,Vegetables
